Week,Day,Date,Theme,Tweet Content,Hashtags
1,1,2025-08-20,Introduction & Problem,"Welcome to FlowBoost! Waving hand We're here to help you conquer your to-do list and achieve your goals. Young professionals, say goodbye to overwhelm! #Productivity #FlowBoost",#Productivity #FlowBoost
1,3,2025-08-22,Introduction & Problem,"Struggling to balance work, life, and everything in between? You're not alone! Many young professionals feel the same way. Sad face #WorkLifeBalance #YoungProfessionals",#WorkLifeBalance #YoungProfessionals
1,5,2025-08-24,Introduction & Problem,"FlowBoost is your secret weapon against chaos! Sparkles We provide the tools and strategies you need to stay organized, focused, and in control. #TimeManagement #ProductivityApp",#TimeManagement #ProductivityApp
1,7,2025-08-26,Introduction & Problem,"What's your biggest productivity challenge right now? Thinking face Share your thoughts in the comments! #ProductivityTips #FlowBoostApp",#ProductivityTips #FlowBoostApp
2,8,2025-08-27,Features & Benefits,"Did you know FlowBoost has a built-in focus mode? Woman in lotus position Block out distractions and get in the zone with just one click! #FocusMode #ProductivityHacks",#FocusMode #ProductivityHacks
2,10,2025-08-29,Features & Benefits,"Reclaim your time and boost your efficiency with FlowBoost's intuitive task management features. Spend less time organizing, and more time doing! Rocket #TaskManagement #Efficiency",#TaskManagement #Efficiency
2,12,2025-08-31,Features & Benefits,"Tired of juggling multiple apps? FlowBoost integrates seamlessly with your favorite tools, keeping everything in one place. Handshake #Integration #AllInOne",#Integration #AllInOne
2,14,2025-09-02,Features & Benefits,""FlowBoost has been a game-changer for my productivity! I'm finally able to stay on top of my tasks and achieve my goals." - [User Name] #Testimonial #FlowBoostApp",#Testimonial #FlowBoostApp
3,15,2025-09-03,Social Proof & Community,"See what other young professionals are saying about FlowBoost! Star Star Star Star Star "The best productivity app I've ever used!" #Reviews #ProductivityApp",#Reviews #ProductivityApp
3,17,2025-09-05,Social Proof & Community,"What's your favorite way to stay productive? Thinking face Vote in our poll! #ProductivityPoll #FlowBoost",#ProductivityPoll #FlowBoost
3,19,2025-09-07,Social Proof & Community,"Join us for a live Q&A session with the FlowBoost team! Ask your questions about productivity, time management, and the app itself. Calendar [Time and Date] #QandA #AskMeAnything",#QandA #AskMeAnything
3,21,2025-09-09,Social Proof & Community,"Check out how @[UserHandle] is using FlowBoost to crush their goals! Share your own FlowBoost success stories using #FlowBoostApp. Camera #UserGeneratedContent #Community",#UserGeneratedContent #Community
4,22,2025-09-10,Call to Action & Scarcity,"Unlock your full potential with FlowBoost! Get 20% off your first month with code BOOST20. Limited time offer! Clock #Discount #ProductivitySale",#Discount #ProductivitySale
4,24,2025-09-12,Call to Action & Scarcity,"FlowBoost helps you prioritize tasks, manage your time effectively, and achieve a healthy work-life balance. Don't miss out on the productivity revolution! Rocket #Benefits #TimeManagement",#Benefits #TimeManagement
4,26,2025-09-14,Call to Action & Scarcity,"Only a few days left to claim your 20% discount on FlowBoost! Don't wait, upgrade your productivity today! Fire #LimitedTimeOffer #FlowBoostApp",#LimitedTimeOffer #FlowBoostApp
4,28,2025-09-16,Call to Action & Scarcity,"Ready to take control of your time and achieve your goals? Download FlowBoost now and start your free trial! [Link to app store] #FreeTrial #DownloadNow",#FreeTrial #DownloadNow